Airport,total_flights,delay_rate,avg_delay,avg_temp,avg_wind,avg_precip,lat,lon,country,continent
ABE,4247,0.16058394160583941,12.120555686366847,13.007723098657877,10.358865081233812,0.10937132093242288,40.651773,-75.442797,US,
ABI,1741,0.15680643308443423,7.261344055140723,20.22705341757611,16.27421022400919,0.04250430786904078,32.41130066,-99.68190002,US,
ABQ,23839,0.17496539284365956,9.418599773480432,16.78754142371744,9.866110155627334,0.018713033264818157,35.039976,-106.608925,US,
ABR,722,0.16897506925207756,19.29501385041551,9.436980609418283,14.328393351800555,0.05346260387811635,45.44910049,-98.42179871,US,
ABY,757,0.190224570673712,17.26552179656539,19.853896961690886,10.460634081902246,0.15918097754293262,31.532946,-84.196215,US,
ACK,1581,0.19924098671726756,13.177735610373182,18.666223908918404,22.25224541429475,0.06122707147375079,41.25310135,-70.06020355,US,
ACT,1060,0.21226415094339623,15.510377358490565,20.983584905660376,12.88122641509434,0.11018867924528301,31.61129951,-97.23049927,US,
ACV,1701,0.19753086419753085,19.856554967666078,13.329512051734273,12.06984126984127,0.27918871252204586,40.978101,-124.109,US,
ACY,2983,0.1884009386523634,8.947703654039557,14.238216560509553,12.257827690244719,0.11984579282601408,39.456201,-74.577511,US,
ADK,96,0.17708333333333334,-6.0625,5.847916666666666,21.902083333333334,0.19895833333333335,51.883564,-176.642783,US,
ADQ,799,0.1476846057571965,2.6595744680851063,5.870588235294118,14.012140175219026,0.31364205256570715,57.75,-152.4940033,US,
AEX,1931,0.16778871051268773,16.688762299326775,20.97099948213361,9.748316934230969,0.16587260486794408,31.325828,-92.546702,US,
AGS,3929,0.20208704504963096,17.57826418936116,19.853346907610078,10.23715958259099,0.14286077882412826,33.3699,-81.9645,US,
AKN,177,0.13559322033898305,-6.344632768361582,13.133898305084745,15.687570621468925,0.11355932203389832,58.677845,-156.651965,US,
ALB,11851,0.18951987174078136,12.822377858408574,12.235693190448064,9.66674542232723,0.12231879166315078,42.748299,-73.801697,US,
ALW,526,0.09315589353612168,0.19771863117870722,14.649429657794677,9.502471482889733,0.042395437262357415,46.09489822,-118.288002,US,
AMA,5008,0.1647364217252396,9.238817891373802,18.09341054313099,18.15343450479233,0.059165335463258785,35.217857,-101.706444,US,
ANC,18211,0.1619900060403053,6.128603591236066,5.628592608862776,10.879166437867223,0.10323980012080611,61.179004,-149.992561,US,
APN,609,0.17733990147783252,16.036124794745483,11.84991789819376,12.335303776683087,0.09852216748768473,45.0780983,-83.56030273,US,
ASE,7307,0.3028602709730395,25.933488435746543,7.737334063227042,6.166840016422608,0.05114273983851102,39.223202,-106.869003,US,
ATL,337662,0.19692473538627384,10.970390508852047,18.63886223501608,12.355902944364482,0.16750270981040213,33.6367,-84.428101,US,
ATW,6134,0.1781871535702641,15.689598956635148,10.016106944897293,13.830241278121942,0.07971959569611999,44.258515,-88.519,US,
AUS,84296,0.22581142640220175,14.651110372971434,23.23674670209737,13.13521756666983,0.14514567713770524,30.197535,-97.662015,US,
AVL,11654,0.2279903895658143,16.029603569589842,15.96321434700532,9.541633773811567,0.13443452891711,35.435488,-82.541853,US,
AVP,1568,0.20535714285714285,19.70280612244898,11.163329081632652,8.804336734693878,0.09591836734693877,41.337064,-75.724232,US,
AZA,5827,0.13712030204221726,4.353011841427836,24.279200274583832,8.322927750128711,0.016251930667581946,33.3078,-111.654999,US,
AZO,989,0.14762386248736098,11.093023255813954,12.015470171890797,13.3319514661274,0.12275025278058646,42.232105,-85.549637,US,
BDL,21946,0.19324706096783012,12.285564567574957,12.388161851818097,9.668345028706826,0.1275767793675385,41.938555,-72.688016,US,
BET,718,0.24930362116991645,8.409470752089137,1.3920612813370474,19.484679665738163,0.0979108635097493,60.77980042,-161.8379974,US,
BFF,610,0.11967213114754098,9.968852459016393,13.765573770491804,14.262459016393443,0.024098360655737706,41.87400055,-103.5960007,US,
BFL,2653,0.12740294006784772,6.86204297022239,20.371202412363363,6.716245759517528,0.03577082548058801,35.433601,-119.056999,US,
BGM,354,0.10734463276836158,12.290960451977401,7.59180790960452,10.165819209039547,0.11355932203389832,42.20869827,-75.97979736,US,
BGR,4466,0.16569637259292433,11.261755485893417,13.294446932377967,10.663793103448276,0.13007165248544558,44.806364,-68.826668,US,
BHM,16980,0.17938751472320377,11.59693757361602,18.646702002355713,10.76206124852768,0.14862779740871612,33.562877,-86.750712,US,
BIH,252,0.29365079365079366,19.936507936507937,17.38888888888889,7.781349206349207,0.010317460317460317,37.3731,-118.363998,US,
BIL,4107,0.12904796688580472,6.022887752617482,12.043584124665205,10.99737034331629,0.04282931580228878,45.808932,-108.541242,US,
BIS,3926,0.16556291390728478,11.155629139072847,8.961207335710647,14.18173713703515,0.05511971472236373,46.772734,-100.746874,US,
BJI,723,0.16874135546334718,15.832641770401107,7.306362378976487,13.598893499308437,0.09930843706777316,47.50939941,-94.93370056,US,
BLI,2522,0.14472640761300556,6.613005551149881,10.98481363996828,9.745202220459953,0.16708961141950832,48.7928009,-122.538002,US,
BLV,1066,0.24671669793621012,20.96060037523452,18.571951219512197,11.672607879924954,0.15534709193245777,38.5452,-89.835197,US,
BMI,1717,0.1485148514851485,10.213744903902155,13.411997670355271,15.09138031450204,0.09481654047757718,40.4771,-88.915901,US,
BNA,98716,0.20232789010899954,11.681571376473926,17.902155678917296,10.62975100287694,0.18373819846833342,36.1245,-86.6782,US,
BOI,22686,0.1457286432160804,6.627611742925152,13.606210878956185,10.662002997443357,0.0451027065150313,43.5644,-116.223,US,
BOS,141052,0.20102515384397243,11.936633298358052,12.51188781442305,14.06887247256331,0.12255125769219861,42.36197,-71.0079,US,
BPT,715,0.1258741258741259,9.36923076923077,21.982237762237762,12.11048951048951,0.2332867132867133,29.9508,-94.020699,US,
BQK,793,0.1828499369482976,15.645649432534679,20.273644388398488,12.803152585119797,0.15624211853720052,31.258801,-81.466499,US,
BQN,2402,0.2568692756036636,16.73480432972523,25.158909242298083,12.544504579517069,0.16665278934221484,18.4949,-67.129402,PR,
BRD,645,0.14108527131782947,7.299224806201551,10.018759689922481,13.38403100775194,0.045116279069767444,46.402861,-94.129727,US,
BRO,1921,0.15773034877667882,9.01093180635086,26.24456012493493,16.520041644976576,0.1070796460176991,25.907238,-97.425235,US,
BRW,345,0.2782608695652174,9.594202898550725,-7.235362318840579,21.667536231884057,0.036811594202898555,71.285402,-156.766008,US,
BTM,690,0.057971014492753624,-4.975362318840579,9.852173913043478,9.467391304347826,0.03202898550724638,45.95479965,-112.4970016,US,
BTR,4814,0.18508516825924387,12.758412962193603,21.594121312837558,10.781013710012465,0.17976734524304114,30.533199,-91.149597,US,
BTV,7942,0.14668849156383781,10.29740619491312,11.63028204482498,12.270511206245278,0.1311634349030471,44.471901,-73.153297,US,
BUF,21632,0.1815366124260355,11.074426775147929,12.219614460059173,12.247087647928995,0.1480353180473373,42.940498,-78.732201,US,
BUR,30203,0.1882594444260504,9.54441611760421,20.14680329768566,8.015276628149522,0.04559149753335762,34.202834,-118.35805,US,
BWI,97251,0.2853543922427533,15.285755416396746,15.660800403080689,11.109356201992782,0.153161407080647,39.1754,-76.668297,US,
BZN,10088,0.17228390166534496,10.982454401268834,11.148731165741474,6.437579302141158,0.0639274385408406,45.778853,-111.153711,US,
CAE,6694,0.15192709889453243,9.196444577233343,18.62980280848521,11.109471168210337,0.14884971616372872,33.938172,-81.123022,US,
CAK,3424,0.19158878504672897,14.650116822429906,12.752570093457944,12.224532710280375,0.13303154205607476,40.91609955,-81.44219971,US,
CDC,624,0.10256410256410256,3.8141025641025643,13.992628205128204,10.238141025641026,0.03141025641025641,37.70100021,-113.098999,US,
CDV,704,0.16477272727272727,-0.7698863636363636,6.378551136363637,11.80653409090909,0.4258522727272727,60.491798,-145.477997,US,
CHA,6760,0.1863905325443787,12.519674556213017,17.681997041420118,8.98715976331361,0.13514792899408284,35.035301,-85.203796,US,
CHO,3128,0.1425831202046036,10.172314578005116,16.173369565217392,7.830786445012788,0.10220588235294117,38.1385994,-78.45290375,US,
CHS,25208,0.179823865439543,11.354093938432245,20.821080609330373,12.007692002538878,0.16856156775626788,32.896159,-80.038151,US,
CID,7925,0.18246056782334386,15.49981072555205,12.678675078864353,14.730460567823343,0.11163406940063092,41.884701,-91.7108,US,
CIU,717,0.19386331938633194,23.90655509065551,7.862482566248256,12.342538354253836,0.09553695955369595,46.242038,-84.462082,US,
CKB,202,0.35148514851485146,37.024752475247524,16.733168316831684,9.808415841584159,0.1198019801980198,39.2966,-80.228104,US,
CLE,40331,0.1729934789615928,10.219111849445836,13.142451216186059,14.783642855371799,0.15461803575413452,41.411701,-81.8498,US,
CLL,1092,0.1804029304029304,13.482600732600732,21.775274725274723,12.559798534798533,0.17216117216117216,30.5886,-96.3638,US,
CLT,214096,0.26401240564980194,18.341421605261193,18.287706449443238,10.209616246917271,0.13706795082579779,35.2140007,-80.94309998,US,
CMH,41706,0.16007289119071597,8.923919819690212,13.742955450055147,11.284026279192442,0.13589411595453893,39.998001,-82.891899,US,
CMI,1360,0.18676470588235294,15.375,13.737058823529413,14.543235294117647,0.12411764705882354,40.039819,-88.276249,US,
CMX,699,0.23462088698140202,19.23319027181688,8.034907010014306,12.359370529327611,0.09628040057224606,47.16839981,-88.4890976,US,
CNY,29,0.10344827586206896,3.413793103448276,3.7620689655172415,5.889655172413793,0.013793103448275864,38.755001,-109.754997,US,
COD,624,0.23557692307692307,17.096153846153847,15.342307692307694,8.89198717948718,0.031089743589743587,44.520199,-109.024002,US,
COS,12487,0.1717786497957876,10.177304396572435,12.209393769520302,9.4714823416353,0.046648514455033235,38.805801,-104.700996,US,
COU,1740,0.22413793103448276,15.264942528735633,15.556379310344827,11.18080459770115,0.10545977011494252,38.8181,-92.219597,US,
CPR,1756,0.13610478359908884,6.62756264236902,13.764920273348519,17.30723234624146,0.018394077448747156,42.907381,-106.461609,US,
CRP,3801,0.15706393054459353,8.621941594317285,23.79865824782952,15.03114969744804,0.13562220468297817,27.770399,-97.501198,US,
CRW,3385,0.22067946824224519,19.125258493353027,14.952939438700147,9.652998522895126,0.13090103397341213,38.3731,-81.593201,US,
CSG,979,0.15628192032686414,12.941777323799796,19.677834525025535,10.008478038815117,0.16138917262512767,32.516415,-84.939602,US,
CVG,40595,0.16866609188323686,10.396181795787658,14.865113930286983,11.319706860450795,0.13813277497228724,39.048801,-84.667801,US,
CWA,725,0.0993103448275862,3.555862068965517,9.350344827586207,12.884689655172414,0.08620689655172414,44.777448,-89.670238,US,
CYS,665,0.09924812030075188,8.16842105263158,10.038345864661654,17.526165413533835,0.038496240601503764,41.155701,-104.811997,US,
DAB,2815,0.14955595026642984,8.85683836589698,23.33222024866785,12.167246891651866,0.18898756660746002,29.18255,-81.059464,US,
DAL,71740,0.25416782826874823,13.928338444382492,21.3347992751603,14.297628937831057,0.15635628659046558,32.844776,-96.847653,US,
DAY,7529,0.14304688537654403,8.518926816310268,13.501846194713773,12.114371098419445,0.14786824279452782,39.902401,-84.219398,US,
DCA,137467,0.19523231029992652,12.049597357911352,15.749974903067644,10.28348694595794,0.13649384943295484,38.8521,-77.037697,US,
DDC,604,0.1605960264900662,22.513245033112582,17.172847682119205,16.623675496688744,0.037086092715231785,37.76340103,-99.96559906,US,
DEC,760,0.19473684210526315,26.20394736842105,14.837894736842104,14.808157894736842,0.06973684210526315,39.83459854,-88.86569977,US,
DEN,304323,0.23137258767822347,13.179621651994756,14.123009434055263,11.701803347101599,0.043941470082773895,39.860027,-104.673792,US,
DFW,306872,0.2745737636539013,18.837808597721526,21.882330417894106,13.909552842879116,0.1498025235277249,32.896801,-97.038002,US,
DHN,758,0.13060686015831136,10.052770448548813,20.060026385224276,11.280606860158313,0.17941952506596306,31.32130051,-85.44960022,US,
DIK,654,0.10244648318042814,12.076452599388379,8.589449541284404,17.415137614678898,0.04434250764525994,46.797533,-102.801905,US,
DLG,107,0.12149532710280374,2.177570093457944,11.725233644859813,15.618691588785047,0.17757009345794392,59.04470062,-158.5050049,US,
DLH,2209,0.15210502489814395,11.217292892711635,8.898506111362607,14.120552286102308,0.10443639655952919,46.841873,-92.198746,US,
DRO,3782,0.16287678476996298,11.672659968270755,10.807191961924909,7.931914331041777,0.06602326811211,37.151501,-107.753998,US,
DSM,15038,0.17449128873520414,13.262335416943742,12.606490224763931,14.298430642372654,0.1371525468812342,41.534027,-93.656719,US,
DTW,129723,0.1831595013991351,11.15601705171789,12.891599022532626,12.338108122692198,0.11319195516600758,42.21377,-83.353786,US,
DVL,644,0.13664596273291926,19.580745341614907,9.339130434782609,17.026708074534163,0.06972049689440994,48.115454,-98.908796,US,
EAR,102,0.13725490196078433,23.352941176470587,3.033333333333333,11.933333333333334,0.050980392156862744,40.727001,-99.006798,US,
EAU,29,0.2413793103448276,25.689655172413794,-3.1965517241379313,11.10689655172414,0.10689655172413794,44.86579895,-91.48429871,US,
ECP,8273,0.20669648253354286,12.490269551553245,23.82139489906926,11.221104798742898,0.28897618759821103,30.357106,-85.795414,US,
EGE,3737,0.22665239496922665,21.467754883596466,5.5715279636071715,6.532780305057533,0.033154937115333155,39.64260101,-106.9179993,US,
EKO,364,0.046703296703296704,-0.06043956043956044,6.032142857142857,6.598076923076922,0.031868131868131866,40.82490158,-115.7919998,US,
ELM,999,0.21121121121121122,21.20920920920921,10.588488488488489,9.763463463463465,0.14524524524524524,42.15990067,-76.89160156,US,
ELP,17298,0.17389293559949126,9.94369291247543,20.933535668863453,12.893114810960805,0.012417620534165801,31.809908,-106.375607,US,
ESC,645,0.14728682170542637,10.26046511627907,10.613333333333333,13.387286821705425,0.09255813953488373,45.723199,-87.088623,US,
EUG,7067,0.1700863166831753,11.514079524550729,12.616824678081223,9.788792981463137,0.14537993490873075,44.124599,-123.211998,US,
EVV,2074,0.16682738669238187,11.436837029893924,16.775265188042432,11.739151398264223,0.11128254580520733,38.03699875,-87.53240204,US,
EWN,47,0.40425531914893614,68.40425531914893,26.41063829787234,9.670212765957446,0.21702127659574466,35.07300186,-77.04290009,US,
EWR,125428,0.2161558822591447,13.936935931370986,14.069506011416909,11.968064546991101,0.12249657173836782,40.6894,-74.170545,US,
EYW,7659,0.2502937720329025,20.28711320015668,25.154589371980677,21.177007442224834,0.10870870870870872,24.556119,-81.759579,US,
FAI,3409,0.17131123496626577,6.465532414197712,1.6386623643297153,7.511968319155177,0.06594309181578176,64.815102,-147.856003,US,
FAR,6636,0.16998191681735986,12.928571428571429,8.81143761301989,13.762869198312236,0.0902200120554551,46.9207,-96.815804,US,
FAT,11675,0.18312633832976447,11.541327623126339,19.170997858672376,7.355400428265525,0.04067665952890792,36.775767,-119.718018,US,
FAY,1496,0.14572192513368984,11.79946524064171,17.977874331550804,11.71196524064171,0.11831550802139038,34.991199,-78.880302,US,
FCA,3804,0.15956887486855942,11.871976866456361,12.017981072555205,7.068375394321766,0.07878548895899053,48.310501,-114.255997,US,
FLG,1838,0.14200217627856365,11.333514689880305,11.50739934711643,11.519640914036996,0.05119695321001088,35.139757,-111.669826,US,
FLL,90121,0.27142397443437155,17.14534903074755,24.74687697650936,13.821855061528389,0.22857047746918033,26.072599,-80.152702,US,
FNT,2178,0.1891643709825528,13.838842975206612,10.552479338842975,13.211983471074381,0.1189623507805326,42.969294,-83.743355,US,
FOD,610,0.21967213114754097,20.63606557377049,13.634098360655736,16.421639344262296,0.10836065573770491,42.552624,-94.191237,US,
FSD,6936,0.17848904267589388,11.52811418685121,10.252479815455594,15.850028835063437,0.09021049596309112,43.585463,-96.741152,US,
FSM,1156,0.1903114186851211,12.120242214532873,18.402854671280277,9.103892733564015,0.13261245674740485,35.336601,-94.367401,US,
FWA,4651,0.22640292410234358,17.363362717695118,12.695248333691678,13.955966458826058,0.10260159105568695,40.978896,-85.194465,US,
GCC,717,0.11157601115760112,10.171548117154812,10.404602510460252,19.021478382147837,0.03542538354253836,44.3489,-105.539001,US,
GCK,710,0.18450704225352113,14.880281690140846,15.396197183098591,15.159859154929578,0.060985915492957746,37.92750168,-100.723999,US,
GEG,17375,0.13853237410071942,6.554877697841727,11.084397122302159,13.599873381294964,0.05993093525179856,47.6199,-117.533997,US,
GFK,1276,0.14184952978056425,7.618338557993731,8.016849529780565,13.786833855799372,0.10901253918495298,47.949299,-97.176102,US,
GGG,714,0.19187675070028012,14.198879551820728,20.48389355742297,10.607843137254902,0.19831932773109243,32.38399887,-94.71150208,US,
GJT,3922,0.1463539010708822,10.349566547679755,15.291024987251403,8.32011728709842,0.0414329423763386,39.126663,-108.529387,US,
GNV,2952,0.1527777777777778,8.284552845528456,22.547764227642276,9.801863143631437,0.15420054200542005,29.69009972,-82.27179718,US,
GPT,3320,0.1533132530120482,10.03644578313253,21.536686746987954,13.268704819277108,0.20680722891566267,30.405582,-89.069836,US,
GRB,4139,0.16936458081662237,12.849963759362165,10.69867117661271,12.692558589031167,0.07313360715148587,44.483459,-88.130805,US,
GRI,933,0.21864951768488747,20.983922829581992,12.681136120042872,15.581564844587353,0.1045016077170418,40.96749878,-98.30960083,US,
GRK,1758,0.20932878270762229,12.775881683731512,22.321956769055745,13.437599544937429,0.10341296928327645,31.0672,-97.828903,US,
GRR,17923,0.17123249456006248,10.538302739496736,11.742158120850304,12.680282318808237,0.10058583942420353,42.880798,-85.522797,US,
GSO,11741,0.14232177838344265,8.823694744910995,16.154876075291714,10.583621497317095,0.14103568690912188,36.09937,-79.937262,US,
GSP,16055,0.15496729990657115,9.031018374338212,17.280616630333228,10.247281220803488,0.15379009654313297,34.895699,-82.218903,US,
GST,84,0.13095238095238096,2.4047619047619047,14.320238095238096,10.366666666666665,0.1738095238095238,58.4253006,-135.7070007,US,
GTF,2417,0.09971038477451385,6.715349606950765,8.147827885808853,13.45800579230451,0.04443525031030203,47.481998,-111.371002,US,
GTR,721,0.08321775312066575,2.3703190013869624,19.154507628294034,10.10485436893204,0.16560332871012484,33.450298,-88.5914,US,
GUC,839,0.1501787842669845,11.34326579261025,4.276042908224076,8.1476758045292,0.03182359952324195,38.534672,-106.934566,US,
GUM,726,0.08264462809917356,1.0702479338842976,26.461845730027548,13.769421487603307,0.1482093663911846,13.485,144.797282,GU,OC
HDN,2484,0.21698872785829307,15.753220611916264,3.986755233494364,8.4414653784219,0.06042673107890499,40.481201,-107.218002,US,
HGR,286,0.3776223776223776,35.26573426573427,17.812587412587412,9.246853146853146,0.1797202797202797,39.708771,-77.728014,US,
HHH,1819,0.21275426058273778,12.761407366684992,24.626058273776803,13.584057174271578,0.17586586036283672,32.2244,-80.697502,US,
HIB,622,0.13344051446945338,8.5016077170418,8.071382636655947,13.517363344051446,0.057234726688102894,47.384831,-92.836905,US,
HLN,1544,0.11139896373056994,11.558937823834198,8.033354922279793,8.71217616580311,0.042487046632124346,46.6068,-111.983002,US,
HNL,60885,0.13716022008704937,5.787747392625441,24.949071199802905,18.507911636692125,0.08152090005748541,21.318387,-157.92567,US,
HOB,437,0.22654462242562928,24.100686498855836,16.588100686498855,12.937070938215102,0.06864988558352403,32.6875,-103.217003,US,
HOU,56264,0.23862505332006256,13.220016351485853,22.680520403810608,12.571176951514289,0.27972238020759277,29.645336,-95.276812,US,
HPN,12070,0.18914664457332228,13.191300745650373,12.538599834299916,11.458367854183926,0.13310687655343828,41.06700134,-73.70760345,US,
HRL,4255,0.16286721504112808,7.699647473560517,25.714853113983548,15.843454759106931,0.11034077555816686,26.22850037,-97.65440369,US,
HSV,8737,0.20212887718896647,12.795009728739842,18.478882911754607,10.393304337873412,0.15099004234863225,34.636244,-86.774378,US,
HTS,412,0.4320388349514563,42.78883495145631,21.22888349514563,8.931553398058252,0.08980582524271845,38.366699,-82.557999,US,
HYA,258,0.2364341085271318,26.290697674418606,24.401937984496122,16.689534883720928,0.17635658914728683,41.6693,-70.280403,US,
HYS,657,0.1202435312024353,11.010654490106544,14.157686453576865,14.939573820395736,0.043683409436834096,38.844521,-99.273148,US,
IAD,52071,0.15958979086247624,10.05066159666609,15.33838797027136,10.050219892070443,0.1339786061339325,38.9445,-77.455803,US,
IAG,374,0.3235294117647059,23.63368983957219,10.725133689839572,12.616042780748662,0.1449197860962567,43.1073,-78.946198,US,
IAH,113248,0.24315661203729866,17.6668638739757,22.920983152020344,11.037502649053407,0.26703253037581237,29.9844,-95.3414,US,
ICT,10139,0.16402012032744848,10.418680343229115,16.400867935693856,15.413048624124666,0.10599664661209193,37.650314,-97.428583,US,
IDA,3410,0.14164222873900292,11.06217008797654,11.506979472140763,10.9058357771261,0.032404692082111435,43.514599,-112.070999,US,
ILM,7914,0.1691938337124084,10.131665403083144,19.773123578468535,11.393871619914076,0.18296689411170078,34.272345,-77.905117,US,
IMT,719,0.16133518776077885,13.070931849791377,8.334631432545201,11.862169680111265,0.09388038942976357,45.81911,-88.114557,US,
IND,47015,0.16299053493565882,9.261682441773901,14.050249920238223,11.666940338189939,0.1279527810273317,39.7173,-86.294403,US,
INL,645,0.16279069767441862,13.868217054263566,8.752248062015504,12.856589147286822,0.1449612403100775,48.56620026,-93.40309906,US,
ISP,4676,0.23182207014542344,15.015397775876817,12.548075278015398,12.501432848588536,0.12653977758768178,40.796324,-73.101703,US,
ITH,786,0.11450381679389313,7.856234096692112,11.317175572519083,10.580916030534352,0.14325699745547074,42.49100113,-76.45839691,US,
ITO,6697,0.10347916977751231,2.12692250261311,23.543750933253694,9.523697177840823,0.22345826489472898,19.72135,-155.045428,US,OC
JAC,5500,0.20854545454545453,21.784181818181818,8.0494,7.806,0.0713090909090909,43.6073,-110.737999,US,
JAN,6767,0.17600118220777303,11.412294960839368,19.619077877937045,10.080301462982119,0.15293335303679623,32.311199,-90.075897,US,
JAX,29678,0.18811914549497943,12.60654356762585,21.67174337893389,11.057177033492824,0.17522744120223732,30.492469,-81.687813,US,
JFK,120770,0.20168088101349674,12.728260329552041,13.71821064833982,15.096089260577958,0.11215450857000911,40.639447,-73.779317,US,
JLN,609,0.1625615763546798,18.357963875205254,15.346141215106732,11.348768472906404,0.11756978653530377,37.151798,-94.498299,US,
JMS,575,0.13391304347826086,16.09391304347826,10.592869565217391,16.28782608695652,0.05947826086956522,46.92969894,-98.67819977,US,
JNU,4638,0.13993100474342388,1.5433376455368693,7.212181974989219,7.7532557136696845,0.37095730918499353,58.354935,-134.574416,US,
JST,714,0.18627450980392157,19.53361344537815,12.236274509803923,12.72563025210084,0.13207282913165266,40.31610107,-78.83390045,US,
KOA,16121,0.11202778983933999,4.373487997022517,24.930785931393835,7.075001550772285,0.1243161094224924,19.738783,-156.045603,US,OC
KTN,2460,0.15691056910569107,1.5357723577235773,9.310447154471545,13.411463414634145,0.3178048780487805,55.35559845,-131.7140045,US,
LAN,1280,0.21875,16.32421875,12.802734375,13.06015625,0.11195312500000001,42.777582,-84.585721,US,
LAR,604,0.13741721854304637,10.228476821192054,9.231953642384106,14.900165562913909,0.03410596026490066,41.31209946,-105.6750031,US,
LAS,186853,0.23499221313010762,12.805162346871604,22.65893349317378,11.066372496026288,0.013471017323778586,36.083361,-115.151817,US,
LAW,1049,0.1601525262154433,13.587225929456626,18.92049571020019,14.55252621544328,0.06053384175405148,34.567699,-98.416603,US,
LAX,191903,0.1800805615336915,10.195468544004003,16.633967160492542,11.98410811712167,0.04586119028884384,33.942501,-118.407997,US,
LBB,6084,0.16420118343195267,10.439184746877055,18.65473372781065,15.698652202498357,0.039792899408284024,33.663601,-101.822998,US,
LBE,561,0.16399286987522282,4.996434937611408,16.755258467023175,11.519786096256684,0.15311942959001784,40.275902,-79.4048,US,
LBF,616,0.1185064935064935,7.498376623376624,12.08896103896104,14.111850649350648,0.05113636363636364,41.12620163,-100.6839981,US,
LBL,545,0.1688073394495413,10.429357798165137,19.586422018348625,16.57467889908257,0.04091743119266055,37.0442009,-100.9599991,US,
LCH,1059,0.18413597733711048,21.098205854579792,22.146458923512746,12.365533522190747,0.1813975448536355,30.12610054,-93.22329712,US,
LCK,932,0.2478540772532189,16.584763948497855,17.11137339055794,11.50675965665236,0.13025751072961375,39.813801,-82.927803,US,
LEX,8993,0.17424663627265652,11.718225286333816,15.296397197820527,10.956844212165016,0.14977204492382964,38.035066,-84.606738,US,
LFT,3176,0.18293450881612092,15.798488664987406,21.81212216624685,11.78249370277078,0.21876574307304786,30.205299,-91.987602,US,
LGA,158152,0.17929586726693308,10.579164348221964,14.279033461480097,13.256704309777936,0.1141939400070818,40.777199,-73.872597,US,
LGB,17530,0.1667997718197376,7.373074729035938,18.843696520250997,9.1368910439247,0.05771819737592698,33.816523,-118.149891,US,
LIH,15792,0.11220871327254306,3.393743667679838,24.05595238095238,16.580072188449847,0.19568135764944275,21.974393,-159.337146,US,OC
LIT,12501,0.19230461563074955,12.409407247420207,18.786049116070714,10.351931845452365,0.17583393328533717,34.729222,-92.223591,US,
LNK,1843,0.17580032555615843,13.271296798697776,17.02539338035811,14.26321215409658,0.061801410743353234,40.844882,-96.76178,US,
LRD,1760,0.18409090909090908,13.60965909090909,26.331647727272724,14.747954545454546,0.046875,27.5438,-99.461601,US,
LSE,325,0.14153846153846153,10.018461538461539,15.028615384615385,10.84676923076923,0.1286153846153846,43.879002,-91.256699,US,
LWS,1091,0.10999083409715857,11.284142988084326,11.226764436296975,5.594225481209899,0.07470210815765353,46.37450027,-117.0149994,US,
MAF,9327,0.16854293985204247,9.707086951860191,21.199978556877884,16.47309960330224,0.02533504878310282,31.942499,-102.202003,US,
MBS,2175,0.18804597701149425,13.983448275862068,12.180183908045978,13.713655172413793,0.10280459770114943,43.533181,-84.083104,US,
MCI,49167,0.17058189436003823,9.520654097260358,15.49515935485183,13.130347590863792,0.11798564077531677,39.301699,-94.713893,US,
MCO,156258,0.24518424656657578,15.85281393592648,22.94958594119981,10.412524798730304,0.1885279473690947,28.42939949,-81.30899811,US,
MCW,602,0.19933554817275748,24.732558139534884,11.862956810631228,16.176411960132892,0.0792358803986711,43.159801,-93.329716,US,
MDT,5294,0.185304117869286,13.38288628636192,14.332244049867773,10.207215715904798,0.11386475255005665,40.192838,-76.762333,US,
MDW,78480,0.24403669724770644,12.875879204892966,13.740699541284405,13.837494903160042,0.1259633027522936,41.785999,-87.752403,US,
MEI,607,0.14991762767710048,13.215815485996705,19.4168039538715,9.444481054365733,0.17462932454695224,32.3326,-88.7519,US,
MEM,22267,0.1685453810571698,10.800646696905735,18.234993488121436,11.910365114294695,0.18520231733057888,35.043845,-89.97634,US,
MFE,4592,0.19250871080139373,15.178135888501743,25.585648954703835,13.990004355400696,0.07926829268292683,26.176141,-98.237965,US,
MFR,4320,0.15416666666666667,10.741435185185185,14.06486111111111,4.972754629629629,0.14733796296296298,42.374199,-122.873001,US,
MGM,2580,0.1941860465116279,14.335271317829458,20.753488372093024,10.125891472868217,0.18434108527131784,32.300598,-86.393997,US,
MGW,37,0.40540540540540543,72.62162162162163,2.554054054054054,11.57027027027027,0.05405405405405406,39.643305,-79.917598,US,
MHK,962,0.1340956340956341,7.027027027027027,15.618814968814968,13.826923076923077,0.09261954261954261,39.14099884,-96.67079926,US,
MHT,5571,0.17142344282893557,9.931789624842937,12.870382337102853,10.518470651588585,0.10227966253814395,42.932598,-71.435699,US,
MIA,107722,0.2706318115148252,19.467490391934795,24.97586472586844,12.533533540038247,0.24765507510072224,25.796011,-80.289751,US,
MKE,28241,0.1705676144612443,10.842392266562799,11.412828865833363,16.21516589355901,0.12017279841365391,42.947201,-87.896599,US,
MLB,2763,0.1498371335504886,5.950054288816504,24.14676076728194,13.444770177343468,0.19985522982265655,28.102009,-80.641088,US,
MLI,4184,0.17782026768642448,13.498565965583174,12.859058317399619,12.820530592734226,0.09137189292543021,41.448502,-90.5075,US,
MLU,1997,0.16925388082123186,11.738107160741112,20.567100650976464,10.038557836755134,0.15332999499248873,32.510899,-92.037697,US,
MOB,2560,0.14765625,9.034765625,21.3126953125,10.993984375,0.175546875,30.6912,-88.242798,US,
MOT,2328,0.16537800687285223,14.32946735395189,7.89819587628866,14.675558419243986,0.052448453608247424,48.25801,-101.279123,US,
MQT,834,0.18705035971223022,11.181055155875299,10.579976019184652,12.936810551558752,0.12326139088729017,46.351498,-87.395884,US,
MRY,4635,0.161596548004315,11.230636461704423,15.33546925566343,9.262891046386192,0.059460625674217914,36.586777,-121.844183,US,
MSN,11605,0.16699698405859542,12.278586816027575,11.465566566135285,13.23052132701422,0.12917707884532528,43.1399,-89.337502,US,
MSO,4112,0.17290856031128404,11.902480544747082,12.893920233463035,6.821060311284047,0.05775778210116732,46.915816,-114.091107,US,
MSP,125365,0.17488932317632513,9.99874765684202,11.059633869102221,11.701040162724842,0.13097834323774576,44.880081,-93.221741,US,
MSY,49343,0.21918002553553695,14.102486674908295,22.167764424538436,12.696941815455078,0.2573941592525789,29.993401,-90.264673,US,
MTJ,2820,0.19858156028368795,12.347517730496454,13.789290780141846,8.206950354609928,0.03088652482269504,38.5098,-107.893997,US,
MYR,15652,0.18368259647329416,9.821875798619985,21.379408382315358,12.817876309736775,0.20693841042678252,33.679699,-78.928299,US,
OAJ,1775,0.14309859154929577,10.60281690140845,19.03245070422535,10.613295774647886,0.18630985915492956,34.829201,-77.612099,US,
OAK,41030,0.19390689739215208,8.537996587862539,15.508900804289544,9.787477455520351,0.0968632707774799,37.720085,-122.221184,US,
OGG,26227,0.11663552827239104,3.798299462386091,25.97788538528997,23.616299996187134,0.03877683303465894,20.896263,-156.431837,US,OC
OKC,22517,0.15979038060132345,9.008349247235422,18.90392592263623,16.12921792423502,0.10168761380290446,35.393388,-97.598248,US,
OMA,23429,0.17858209910794315,11.139527935464596,13.813461948866788,14.859878782705193,0.07659311110162619,41.3032,-95.894096,US,
OME,351,0.1737891737891738,-1.0598290598290598,-0.558974358974359,14.318803418803418,0.12621082621082622,64.5121994,-165.4450073,US,
ONT,25898,0.16302417175071435,8.885049038535794,19.420453316858445,8.582797899451695,0.05916286971966948,34.056,-117.600998,US,
ORD,275505,0.22102321191992885,15.138690767862652,13.303776337997496,12.92008892760567,0.11665087747953758,41.9786,-87.9048,US,
ORF,20704,0.18875579598145287,12.591962905718702,17.141842156105103,14.521619010819164,0.12606259659969088,36.895341,-76.201,US,
ORH,1351,0.22427831236121393,15.909696521095485,14.068541820873426,12.866691339748336,0.13989637305699482,42.2673,-71.875702,US,
OTH,339,0.336283185840708,35.424778761061944,15.66047197640118,15.453097345132745,0.13805309734513274,43.417099,-124.2460022,US,
OTZ,343,0.10204081632653061,-2.2798833819241984,-3.1256559766763847,20.140233236151605,0.054227405247813415,66.88469696,-162.598999,US,
PAE,1028,0.12354085603112841,2.257782101167315,10.097762645914397,10.15875486381323,0.15865758754863812,47.9063,-122.281998,US,
PBG,479,0.30062630480167013,27.609603340292274,8.72776617954071,11.094154488517747,0.1870563674321503,44.650902,-73.468102,US,
PBI,28875,0.2333852813852814,16.76782683982684,24.619916883116883,14.868803463203463,0.2189818181818182,26.683201,-80.095596,US,
PDX,58710,0.16181229773462782,8.15017884517118,12.543978879236928,9.664535854198604,0.1858661216147164,45.588699,-122.598,US,
PGD,6202,0.20815865849725895,11.60480490164463,23.542728152208966,11.750177362141246,0.16747823282811997,26.9202,-81.990501,US,
PHL,98710,0.21679667713504205,14.92891297740857,16.161732347279912,11.607841150845912,0.11068787356904063,39.871899,-75.241096,US,
PHX,191868,0.20041903808868597,10.890951070527654,25.07723591218963,9.289349969770884,0.017022640565388703,33.435302,-112.005905,US,
PIA,3675,0.20489795918367346,14.481632653061224,13.557578231292517,12.849034013605442,0.09374149659863945,40.663841,-89.692631,US,
PIB,606,0.16336633663366337,11.387788778877887,22.987458745874587,9.392904290429044,0.16155115511551157,31.4671,-89.337097,US,
PIE,8062,0.20503597122302158,10.122054080873232,24.06556685685934,12.464003969238403,0.16132473331679484,27.9102,-82.687401,US,
PIH,700,0.047142857142857146,-3.0785714285714287,10.16842857142857,11.45742857142857,0.04642857142857143,42.90980148,-112.5960007,US,
PIT,43139,0.16349474953058718,9.133359604997798,13.471290479612415,10.667896798720417,0.13259231785623218,40.491501,-80.232903,US,
PLN,830,0.1891566265060241,12.471084337349398,12.959036144578313,12.321927710843374,0.08036144578313253,45.57089996,-84.79669952,US,
PNS,13160,0.1967325227963526,14.104559270516717,22.078495440729483,12.744794832826747,0.2364969604863222,30.472718,-87.186639,US,
PPG,125,0.192,19.992,27.0448,22.9544,0.304,-14.331,-170.710007,AS,OC
PQI,116,0.12931034482758622,6.637931034482759,2.0913793103448275,11.418103448275861,0.0853448275862069,46.688999,-68.0448,US,
PRC,725,0.20551724137931035,23.688275862068966,16.66344827586207,10.472689655172413,0.023586206896551727,34.653502,-112.419883,US,
PSC,5198,0.12870334744132358,6.265871489034244,14.014274721046556,9.534878799538285,0.04399769141977684,46.264702,-119.119003,US,
PSE,923,0.19284940411700974,8.075839653304442,25.700325027085594,9.786565547128927,0.0685807150595883,18.008301,-66.563004,PR,
PSG,709,0.12834978843441466,-1.3667136812411849,8.944146685472496,8.701551480959097,0.3471086036671368,56.80170059,-132.9450073,US,
PSM,364,0.18681318681318682,16.826923076923077,11.452747252747253,11.575274725274724,0.13873626373626374,43.0779,-70.823303,US,
PSP,13632,0.17194835680751175,8.573356807511738,23.002963615023475,8.997586561032865,0.03486649061032864,33.8297,-116.507004,US,
PVD,14643,0.16943249334152838,11.477497780509458,13.103161920371509,13.957932117735437,0.12989824489517174,41.725038,-71.425668,US,
PVU,2167,0.16151361329026304,12.556068297185048,10.590678357175818,6.6505768343331795,0.05666820489155514,40.218894,-111.722445,US,
PWM,11392,0.17433286516853932,13.079792837078651,13.589527738764044,10.825052668539326,0.11009480337078652,43.646198,-70.309303,US,
RAP,5154,0.1658905704307334,12.172293364377182,13.704967015909972,15.461350407450524,0.04320915793558401,44.04529953,-103.0569992,US,
RDD,1477,0.13676371022342587,8.7136086662153,20.7758970886933,9.089505754908599,0.12836831415030467,40.50899887,-122.2929993,US,
RDM,5795,0.17842968075927523,15.31009490940466,11.27718723037101,11.56895599654875,0.07214840379637619,44.254101,-121.150002,US,
RDU,60267,0.1942190585229064,12.965138467154496,17.420155308875504,9.849275723032505,0.12095674249589328,35.878659,-78.7873,US,
RFD,825,0.22666666666666666,20.60121212121212,12.522666666666668,13.034666666666666,0.09915151515151514,42.1954,-89.097198,US,
RHI,820,0.17317073170731706,8.663414634146342,9.256585365853658,12.512804878048781,0.0698780487804878,45.63119888,-89.46749878,US,
RIC,17990,0.19071706503613117,12.404947192884936,16.484213451917732,10.058493607559754,0.10285158421345192,37.505199,-77.319702,US,
RIW,609,0.11001642036124795,12.366174055829228,8.899178981937602,8.188669950738916,0.017898193760262728,43.064201,-108.459999,US,
RKS,615,0.10894308943089431,17.014634146341464,7.144390243902439,11.01349593495935,0.02308943089430894,41.5942,-109.065001,US,
RNO,20700,0.17444444444444446,10.468937198067632,13.960106280193237,7.301367149758454,0.03635265700483092,39.4991,-119.767998,US,
ROA,2873,0.19387399930386356,15.537417333797425,14.121441002436478,8.993873999303863,0.11733379742429517,37.3255,-79.975403,US,
ROC,11708,0.18448923812777587,11.643406217970618,11.633131192347115,11.747642637512811,0.12277929620772121,43.1189,-77.672401,US,
ROW,935,0.21711229946524063,22.571122994652406,19.60855614973262,12.257219251336899,0.013903743315508022,33.301601,-104.530998,US,
RST,1402,0.1718972895863053,11.406562054208274,10.631241084165477,14.728958630527817,0.08573466476462197,43.908298,-92.5,US,
RSW,33972,0.2039032144118686,13.396532438478747,23.87011067938302,11.460108324502531,0.21922465559872836,26.534685,-81.752816,US,
SAF,2858,0.18894331700489853,13.700139958012596,15.001049685094472,14.116235129461161,0.03897830650804759,35.6171,-106.088997,US,
SAN,93175,0.21862087469814864,12.751682318218407,17.604257579822914,10.271569627045881,0.0400364904749128,32.733601,-117.190002,US,
SAT,41048,0.1846862210095498,11.586873903722472,22.776410543753652,11.410782498538296,0.11645147144806081,29.533701,-98.469803,US,
SAV,18804,0.18852371835779622,12.185758349287386,20.581860242501595,10.740980642416506,0.19330461603914062,32.126591,-81.19998,US,
SBA,7368,0.16653094462540716,11.670602605863191,19.108482627578717,6.225461454940282,0.04615906623235614,34.426201,-119.839996,US,
SBN,6566,0.2091075236064575,14.88272921108742,11.78091684434968,13.485013706975328,0.12549497410904661,41.708304,-86.316922,US,
SBP,5180,0.1555984555984556,10.944015444015443,16.18685328185328,8.468494208494208,0.055096525096525094,35.23680115,-120.6419983,US,
SCC,552,0.09782608695652174,-7.032608695652174,-7.317028985507246,18.75199275362319,0.030072463768115943,70.19470215,-148.4649963,US,
SCE,561,0.19073083778966132,10.934046345811051,14.416221033868093,10.4825311942959,0.1035650623885918,40.849374,-77.84852,US,
SCK,513,0.34502923976608185,24.594541910331383,20.471345029239764,10.336257309941521,0.0668615984405458,37.893279,-121.238079,US,
SDF,23809,0.1618295602503255,9.66227056995254,16.083573438615648,10.426149775295057,0.14620521651476331,38.1706,-85.735076,US,
SEA,161520,0.20515725606736007,9.484181525507678,12.098615032194155,11.033633605745418,0.1540205547300644,47.447943,-122.310276,US,
SFB,9321,0.2320566462825877,12.335693595107822,23.329900225297713,10.320512820512821,0.20406608732968565,28.774277,-81.234626,US,
SFO,132846,0.23323246465832617,14.455836080875601,15.208680728061063,12.13613959020219,0.07689881516944433,37.619806,-122.374821,US,
SGF,9154,0.21553419270264365,16.486017041730392,16.788398514310686,11.674382783482631,0.11550142014419926,37.245047,-93.388596,US,
SGU,3009,0.10667996011964108,5.673978065802592,19.46580259222333,8.365270854104352,0.020438683948155532,37.036389,-113.510306,US,
SHR,715,0.08251748251748252,3.0685314685314684,7.153146853146853,6.321258741258741,0.028671328671328673,44.76919937,-106.9800034,US,
SHV,4397,0.1778485330907437,13.300432112804184,21.034455310438936,10.538708210143279,0.16302024107345917,32.446602,-93.8256,US,
SIT,1387,0.13410237923576063,1.512617159336698,8.337851478010094,12.722638788752704,0.31225666906993516,57.04710007,-135.3619995,US,
SJC,49978,0.15616871423426307,6.4297090719916765,17.46149505782544,9.491460242506703,0.06435831765977029,37.362452,-121.929188,US,
SJT,1067,0.1733833177132146,11.724461105904405,20.42277413308341,15.05220243673852,0.11096532333645737,31.35770035,-100.4960022,US,
SJU,34804,0.24296057924376507,18.038587518676014,27.308065164923573,17.554910355131593,0.18654177680726353,18.4394,-66.001801,PR,
SLC,112250,0.16611135857461024,9.094138084632517,14.144782182628063,10.989702449888643,0.06149487750556793,40.78886,-111.979866,US,
SLN,693,0.17027417027417027,13.505050505050505,15.306060606060607,13.595959595959595,0.07922077922077922,38.79100037,-97.65219879,US,
SMF,54544,0.17605969492519802,9.032689205045468,19.099528820768555,9.047887943678498,0.0807843209152244,38.6954,-121.591003,US,
SMX,106,0.3113207547169811,40.509433962264154,17.16132075471698,11.450000000000001,0.15,34.898899,-120.457001,US,
SNA,42985,0.18152844015354194,10.458392462486914,18.533092939397463,8.460711876235896,0.04847737582877749,33.675063,-117.869281,US,
SPI,105,0.37142857142857144,24.0,11.263809523809524,13.42095238095238,0.10285714285714284,39.844101,-89.677902,US,
SPN,364,0.06593406593406594,-1.2142857142857142,28.257692307692306,24.405494505494506,0.18324175824175826,15.119384,145.728848,MP,OC
SPS,712,0.14606741573033707,11.563202247191011,20.177668539325843,15.188061797752809,0.08230337078651685,33.9888,-98.491898,US,
SRQ,15586,0.18856666238932376,12.790260490183497,22.682503528807903,15.27073014243552,0.15107789041447453,27.394631,-82.554359,US,
STC,147,0.17006802721088435,11.414965986394558,5.335374149659864,14.37687074829932,0.03877551020408163,45.5466,-94.059898,US,
STL,64767,0.21276267234857257,11.747896305217163,15.808258835518087,12.100742662158199,0.15678354717680298,38.748697,-90.370003,US,
STS,3664,0.19159388646288208,10.419213973799126,18.782423580786027,8.45870633187773,0.1581877729257642,38.50899887,-122.8130035,US,
STT,5389,0.2197068101688625,17.67897569122286,27.36496567081091,23.1035813694563,0.1624420115049174,18.337091,-64.977251,VI,
STX,1179,0.263782866836302,25.657336726039016,28.642408821034778,21.708905852417303,0.16344359626802377,17.701413,-64.802608,VI,
SUN,1977,0.12139605462822459,9.699544764795144,6.989124936772888,10.195700556398585,0.05756196256954982,43.50439835,-114.2959976,US,
SUX,715,0.18181818181818182,18.974825174825174,11.661538461538461,14.763076923076923,0.10727272727272728,42.397605,-96.382237,US,
SWF,417,0.2422062350119904,20.901678657074342,13.02589928057554,10.20503597122302,0.08393285371702638,41.50421,-74.108901,US,
SWO,713,0.13043478260869565,9.719495091164095,17.792145862552594,13.440813464235623,0.08597475455820476,36.162132,-97.085581,US,
SYR,13146,0.16704701049748974,9.825422181652213,11.28909934580861,10.249444698006998,0.16401186672752166,43.11119843,-76.10630035,US,
TLH,5986,0.16421650517875042,9.38623454727698,20.992198463080523,9.926645506181089,0.1813564984964918,30.401209,-84.35433,US,
TOL,370,0.25675675675675674,16.491891891891893,10.161621621621622,14.586756756756758,0.10054054054054055,41.5868,-83.8078,US,
TPA,76339,0.21506700375954624,14.268905801752709,23.336108673155266,12.771921298418894,0.14835667221210652,27.9755,-82.533203,US,
TRI,2223,0.14215024741340532,8.74718848403059,15.777777777777779,7.868600989653622,0.13162393162393163,36.475201,-82.407401,US,
TTN,1733,0.2567801500288517,14.964223889209464,12.787478361223313,10.913618003462204,0.14229659549913445,40.276699,-74.813499,US,
TUL,16954,0.14875545593960127,8.71564232629468,18.713111949982302,12.97348708269435,0.12618261177303292,36.197084,-95.886225,US,
TUS,18968,0.15668494306199915,8.76233656684943,22.163427878532268,11.915410164487557,0.050490299451708145,32.115004,-110.938053,US,
TVC,4035,0.20322180916976457,15.41635687732342,13.826047087980173,14.119132589838909,0.09499380421313507,44.741402,-85.582199,US,
TWF,698,0.06017191977077364,-1.174785100286533,11.653008595988538,14.119770773638969,0.042693409742120346,42.4818,-114.487999,US,
TXK,714,0.18907563025210083,16.973389355742295,19.24705882352941,10.415406162464986,0.15280112044817926,33.453701,-93.990997,US,
TYR,1058,0.19092627599243855,16.36767485822306,19.914555765595463,11.76436672967864,0.14659735349716446,32.35409927,-95.40239716,US,
TYS,15982,0.16637467150544363,9.890877236891503,16.91216994118383,8.524946815167064,0.1355587535977975,35.811001,-83.994003,US,
USA,685,0.3197080291970803,25.573722627737226,18.673284671532848,10.035474452554745,0.1643795620437956,35.387798,-80.709099,US,
VCT,618,0.14563106796116504,17.171521035598705,23.08462783171521,13.044012944983818,0.12718446601941746,28.8526001,-96.91850281,US,
VEL,52,0.09615384615384616,21.423076923076923,-3.167307692307692,4.088461538461538,0.01730769230769231,40.436214,-109.511661,US,
VLD,763,0.13892529488859764,8.36435124508519,20.196199213630408,9.842726081258192,0.1199213630406291,30.78249931,-83.27670288,US,
VPS,9760,0.19139344262295083,13.816188524590164,22.94189549180328,12.169098360655736,0.24936475409836067,30.481315,-86.515839,US,
WRG,710,0.12816901408450704,-1.536619718309859,8.479295774647888,8.769154929577466,0.26422535211267606,56.48429871,-132.3699951,US,
WYS,309,0.13268608414239483,12.239482200647249,20.03074433656958,12.761165048543688,0.062135922330097085,44.6884,-111.117996,US,
XNA,13722,0.17184083952776563,11.0005101297187,17.0061215566244,11.74685905844629,0.13374143710829325,36.281898,-94.306801,US,
XWA,1937,0.1713990707279298,18.46205472379969,7.7937016004130095,14.447547754259164,0.048477026329375325,48.260863,-103.75116,US,
YAK,699,0.15450643776824036,-3.783977110157368,6.2562231759656655,12.48969957081545,0.38197424892703863,59.508717,-139.660435,US,
YUM,1711,0.1163062536528346,8.831092928112215,26.76785505552309,9.86843950905903,0.002980713033313852,32.650938,-114.609375,US,
